,count_down,movie_title,release_year,tomato_score,lead_role,actor_two,actor_three,actor_four,director,critics_consensus,synopsis,Opening,Studio,Medium
0,140,Empire Records,1995,31,Anthony LaPaglia,Rory Cochrane,Johnny Whitworth,Liv Tyler,Allan Moyle,"Despite a terrific soundtrack and a strong early performance from Renee Zellweger, Empire Records is mostly a silly and predictable teen dramedy.","Joe (Anthony LaPaglia) runs Empire Records, an independent Delaware store that employs a tight-knit group of music-savvy youths. Hearing that... [More]",SEPTEMBER,Warner Bros. Pictures / Regency Enterprises,Live action
1,139,Half Baked,1998,29,Dave Chappelle,Guillermo Diaz,Jim Breuer,Harland Williams,Tamra Davis,You'd have to be high to dig Half Baked's half baked production and scattershot sense of humor -- although maybe that was the point of this Dave Chapelle-led joint.,When a member of their crew gets arrested for killing a New York City police horse by feeding it junk... [More],JANUARY,Universal Pictures,Live action
2,138,Showgirls,1995,23,Elizabeth Berkley,Kyle MacLachlan,Gina Gershon,Glenn Plummer,Paul Verhoeven,"Vile, contemptible, garish, and misogynistic -- and that might just be exactly Showgirls' point.",Nomi (Elizabeth Berkley) arrives in Las Vegas with only a suitcase and a dream of becoming a top showgirl. She... [More],SEPTEMBER,United Artists / Carolco Pictures,Live action
3,137,Basic Instinct,1992,57,Michael Douglas,Sharon Stone,George Dzundza,Jeanne Tripplehorn,Paul Verhoeven,"Unevenly echoing the work of Alfred Hitchcock, Basic Instinct contains a star-making performance from Sharon Stone but is ultimately undone by its problematic, overly lurid plot.","The mysterious Catherine Tramell (Sharon Stone), a beautiful crime novelist, becomes a suspect when she is linked to the brutal... [More]",MARCH,TriStar Pictures / Carolco Pictures,Live action
4,136,Poetic Justice,1993,34,Janet Jackson,Tupac Shakur,Regina King,Joe Torry,John Singleton,"Poetic Justice is commendably ambitious and boasts a pair of appealing stars, but they're undermined by writer-director John Singleton's frustrating lack of discipline.","Still grieving after the murder of her boyfriend, hairdresser Justice (Janet Jackson) writes poetry to deal with the pain of... [More]",JULY,Columbia Pictures,Live action
5,135,Gummo,1997,38,Jacob Reynolds,Nick Sutton,Jacob Sewell,Darby Dougherty,Harmony Korine,"Gummo's bold provocations may impress more iconoclastically inclined viewers, but others will find it hard to see past writer-director Harmony Korine's overwhelmingly sour storytelling perspective.","Teen friends Tummler (Nick Sutton) and Solomon (Jacob Reynolds) navigate the ruins of a tiny, tornado-ravaged town in Ohio that... [More]",,,
6,134,Kids,1995,47,Leo Fitzpatrick,Justin Pierce,Chloë Sevigny,Sarah Henderson,Larry Clark,"Kids isn't afraid to test viewers' limits, but the point of its nearly non-stop provocation is likely to be lost in all the repellent characters and unpleasant imagery.",Amoral teen Telly (Leo Fitzpatrick) has made it his goal to sleep with as many virgin girls as possible --... [More],JULY,Vidmark Entertainment,Live action
7,133,Dead Man,1995,70,Johnny Depp,Gary Farmer,Lance Henriksen,Michael Wincott,Jim Jarmusch,"While decidedly not for all tastes, Dead Man marks an alluring change of pace for writer-director Jim Jarmusch that demonstrates an assured command of challenging material.",Circumstances transform a mild-mannered accountant (Johnny Depp) into a notorious Old West gunslinger.... [More],MAY,Miramax Films,Live action
8,132,The Rock,1996,68,Sean Connery,Nicolas Cage,Ed Harris,Michael Biehn,Michael Bay,"For visceral thrills, it can't be beat. Just don't expect The Rock to engage your brain.","FBI chemical warfare expert Stanley Goodspeed (Nicolas Cage) is sent on an urgent mission with a former British spy, John... [More]",JUNE,Hollywood Pictures / Don Simpson/Jerry Bruckheimer Films,Live action
9,131,The Blair Witch Project,1999,86,Heather Donahue,Michael C. Williams,Joshua Leonard,Bob Griffith,Daniel Myrick,"Full of creepy campfire scares, mock-doc The Blair Witch Project keeps audiences in the dark about its titular villain, proving once more that imagination can be as scary as anything onscreen.","Found video footage tells the tale of three film students (Heather Donahue, Joshua Leonard, Michael C. Williams) who've traveled to... [More]",JULY,Artisan Entertainment,Live action
10,130,Pump Up the Volume,1990,79,Christian Slater,Samantha Mathis,Ellen Greene,Scott Paulin,Allan Moyle,No consensus yet.,"In Arizona, an introverted and insightful teenager, Mark Hunter (Christian Slater), finds an outlet for his viewpoints through a shortwave... [More]",AUGUST,New Line Cinema,Live action
11,129,Man Bites Dog,1992,74,Benoît Poelvoorde,Rémy Belvaux,André Bonzel,Jean-Marc Chenut,Rémy Belvaux,No consensus yet.,"The activities of rampaging, indiscriminate serial killer Ben (Benoît Poelvoorde) are recorded by a willingly complicit documentary team, who eventually... [More]",,,
12,128,Fear and Loathing in Las Vegas,1998,49,Johnny Depp,Benicio del Toro,Craig Bierko,Ellen Barkin,Terry Gilliam,"Visually creative, but also aimless, repetitive, and devoid of character development.",Raoul Duke (Johnny Depp) and his attorney Dr. Gonzo (Benicio del Toro) drive a red convertible across the Mojave desert... [More],MAY,Universal Pictures / Rhino Entertainment / Summit Entertainment,Live action
13,127,Life Is Beautiful,1997,81,Roberto Benigni,Nicoletta Braschi,Giorgio Cantarini,Giustino Durano,Roberto Benigni,"Benigni's earnest charm, when not overstepping its bounds into the unnecessarily treacly, offers the possibility of hope in the face of unflinching horror.","A gentle Jewish-Italian waiter, Guido Orefice (Roberto Benigni), meets Dora (Nicoletta Braschi), a pretty schoolteacher, and wins her over with... [More]",OCTOBER,Miramax Films,Live action
14,126,Space Jam,1996,43,Michael Jordan,Wayne Knight,Theresa Randle,Larry Bird,Joe Pytka,"While it's no slam dunk, Space Jam's silly, Looney Toons-laden slapstick and vivid animation will leave younger viewers satisfied -- though accompanying adults may be more annoyed than entertained.","Swackhammer (Danny DeVito), an evil alien theme park owner, needs a new attraction at Moron Mountain. When his gang, the... [More]",NOVEMBER,Warner Bros. Pictures,Live action / Animation
15,125,Hackers,1995,31,Jonny Lee Miller,Angelina Jolie,Jesse Bradford,Matthew Lillard,Iain Softley,"Hackers has a certain stylish appeal, but its slick visuals and appealing young cast can't compensate for a clichéd and disappointingly uninspired story.",A teenage hacker finds himself framed for the theft of millions of dollars from a major corporation. Master hacker Dade... [More],SEPTEMBER,United Artists,Live action
16,124,Happy Gilmore,1996,61,Adam Sandler,Christopher McDonald,Julie Bowen,Frances Bay,Dennis Dugan,"Those who enjoy Adam Sandler's schtick will find plenty to love in this gleefully juvenile take on professional golf; those who don't, however, will find it unfunny and forgettable.",All Happy Gilmore (Adam Sandler) has ever wanted is to be a professional hockey player. But he soon discovers he... [More],FEBRUARY,Universal Pictures,Live action
17,123,Never Been Kissed,1999,55,Drew Barrymore,David Arquette,Michael Vartan,Molly Shannon,Raja Gosnell,Unoriginal and unremarkable high school satire adds little to the genre.,"Josie Geller (Drew Barrymore), a baby-faced junior copywriter at the Chicago Sun-Times, must pose as a student at her former... [More]",APRIL,20th Century Fox / Fox 2000 Pictures,Live action
18,122,Tommy Boy,1995,41,Chris Farley,David Spade,Brian Dennehy,Bo Derek,Peter Segal,"Though it benefits from the comic charms of its two leads, Tommy Boy too often feels like a familiar sketch stretched thin.","After his beloved father (Brian Dennehy) dies, dimwitted Tommy Callahan (Chris Farley) inherits a near-bankrupt automobile parts factory in Sandusky,... [More]",MARCH,Paramount Pictures,Live action
19,121,10 Things I Hate About You,1999,71,Heath Ledger,Julia Stiles,Joseph Gordon-Levitt,Larisa Oleynik,Gil Junger,"Julia Stiles and Heath Ledger add strong performances to an unexpectedly clever script, elevating 10 Things (slightly) above typical teen fare.","Kat Stratford (Julia Stiles) is beautiful, smart and quite abrasive to most of her fellow teens, meaning that she doesn't... [More]",MARCH,Touchstone Pictures,Live action
20,120,Hook,1991,29,Dustin Hoffman,Robin Williams,Julia Roberts,Bob Hoskins,Steven Spielberg,"The look of Hook is lively indeed but Steven Spielberg directs on autopilot here, giving in too quickly to his sentimental, syrupy qualities.","When his young children are abducted by his old nemesis, Capt. Hook (Dustin Hoffman), middle-aged lawyer Peter Banning (Robin Williams)... [More]",DECEMBER,TriStar Pictures / Amblin Entertainment,Live action
21,119,Muriel's Wedding,1994,80,Toni Collette,Bill Hunter,Rachel Griffiths,Jeanie Drynan,P.J. Hogan,"Heartfelt and quirky, though at times broad, Muriel's Wedding mixes awkward comedy, oddball Australian characters, and a nostalgia-heavy soundtrack.","Socially awkward Muriel Heslop (Toni Collette) wants nothing more than to get married. Unfortunately, due to her oppressive politician father... [More]",MARCH,Miramax Films,Live action
22,118,Singles,1992,79,Bridget Fonda,Matt Dillon,Campbell Scott,Kyra Sedgwick,Cameron Crowe,"Smart, funny, and engagingly scruffy, Singles is a clear-eyed look at modern romance that doubles as a credible grunge-era time capsule.","In Seattle during the era of grunge music, the lives and relationships of a group of young people, all living... [More]",SEPTEMBER,Warner Bros. Pictures,Live action
23,117,Mortal Kombat,1995,45,Robin Shou,Linden Ashby,Bridgette Wilson,Cary-Hiroyuki Tagawa,Paul Anderson,"Despite an effective otherwordly atmosphere and appropriately cheesy visuals, Mortal Kombat suffers from its poorly constructed plot, laughable dialogue, and subpar acting.","Lord Rayden (Christopher Lambert) handpicks three martial artists -- federal agent Sonya Blade (Bridgette Wilson), Shaolin monk Lui Kang (Robin... [More]",AUGUST,New Line Cinema,Live action
24,116,Sister Act,1992,74,Whoopi Goldberg,Maggie Smith,Kathy Najimy,Wendy Makkena,Emile Ardolino,Looking for a sweet musical comedy about a witness to a crime hiding out from killers in a convent? There's nun better than Sister Act.,"When lively lounge singer Deloris Van Cartier (Whoopi Goldberg) sees her mobster beau, Vince LaRocca (Harvey Keitel), commit murder, she... [More]",MAY,Touchstone Pictures,Live action
25,115,He Got Game,1998,80,Denzel Washington,Ray Allen,Milla Jovovich,Rosario Dawson,Spike Lee,"Though not without its flaws, He Got Game finds Spike Lee near the top of his game, combining trenchant commentary with his signature visuals and a strong performance from Denzel Washington.",Jake Shuttleworth (Denzel Washington) has spent the last six years in prison after accidentally killing his wife during a violent... [More],MAY,Touchstone Pictures / 40 Acres and a Mule Filmworks,Live action
26,114,Boys Don't Cry,1999,90,Hilary Swank,Chloë Sevigny,Peter Sarsgaard,Brendan Sexton III,Kimberly Peirce,"Harrowing yet stirring, Boys Don't Cry powerfully commemorates the life -- and brutally unjust death -- of transgender teen Brandon Teena.",Young female-to-male transgender Brandon Teena (Hilary Swank) leaves his hometown under threat when his ex-girlfriend's brother discovers that he's biologically... [More],OCTOBER,Fox Searchlight Pictures,Live action
27,113,The City of Lost Children,1995,79,Ron Perlman,Daniel Emilfork,Judith Vittet,Dominique Pinon,Marc Caro,"Not all of its many intriguing ideas are developed, but The City of Lost Children is an engrossing, disturbing, profoundly memorable experience.",Old and decrepit Krank (Daniel Emilfork) has lost his capacity for dreaming and is attempting to fight death by stealing... [More],MAY,Sony Pictures Classics,Live action
28,112,American Beauty,1999,87,Kevin Spacey,Annette Bening,Thora Birch,Wes Bentley,Sam Mendes,"Flawlessly cast and brimming with dark, acid wit, American Beauty is a smart, provocative high point of late '90s mainstream Hollywood film.","Lester Burnham (Kevin Spacey) is a gainfully employed suburban husband and father. Fed up with his boring, stagnant existence, he... [More]",OCTOBER,DreamWorks,Live action
29,111,Satan's Tango,1994,100,Mihaly Vig,Putyi Horvath,János Derzsi,Miklós B. Székely,Béla Tarr,No consensus yet.,"In Bela Tarr's seven-hour episodic film, inhabitants of a small village in Hungary deal with the effects of the fall... [More]",,,
30,110,My Own Private Idaho,1991,80,River Phoenix,Keanu Reeves,James Russo,William Richert,Gus Van Sant,"A tantalizing glimpse of a talented director and his stars all at the top of their respective games, Gus Van Sant's loose reworking of Henry IV is smart, sad and audacious.","In this loose adaptation of Shakespeare's ""Henry IV,"" Mike Waters (River Phoenix) is a gay hustler afflicted with narcolepsy. Scott... [More]",OCTOBER,Fine Line Features,Live action
31,109,Glengarry Glen Ross,1992,95,Al Pacino,Jack Lemmon,Alec Baldwin,Ed Harris,James Foley,"This adaptation of David Mamet's play is every bit as compelling and witty as its source material, thanks in large part to a clever script and a bevy of powerhouse actors.",When an office full of New York City real estate salesmen is given the news that all but the top... [More],OCTOBER,New Line Cinema,Live action
32,108,The Birdcage,1996,82,Robin Williams,Gene Hackman,Nathan Lane,Dianne Wiest,Mike Nichols,"Mike Nichols wrangles agreeably amusing performances from Robin Williams and Nathan Lane in this fun, if not quite essential, remake of the French comedy La Cage aux Folles.","In this remake of the classic French farce ""La Cage aux Folles,"" engaged couple Val Goldman (Dan Futterman) and Barbara... [More]",MARCH,United Artists,Live action
33,107,American Pie,1999,61,Jason Biggs,Shannon Elizabeth,Alyson Hannigan,Chris Klein,Paul Weitz,"So embarrassing it's believable, American Pie succeeds in bringing back the teen movie genre.","A riotous and raunchy exploration of the most eagerly anticipated -- and most humiliating -- rite of adulthood, known as... [More]",JULY,Universal Pictures,Live action
34,106,Babe,1995,97,James Cromwell,Magda Szubanski,Hugo Weaving,Mary Acres,Chris Noonan,"The rare family-friendly feature with a heart as big as its special effects budget, Babe offers timeless entertainment for viewers of all ages.",Gentle farmer Arthur Hoggett (James Cromwell) wins a piglet named Babe (Christine Cavanaugh) at a county fair. Narrowly escaping his... [More],AUGUST,Universal Pictures,Live action
35,105,Raise the Red Lantern,1991,97,Gong Li,Ma Jingwu,He Caifei,Cao Cuifeng,Yimou Zhang,"Visually thrilling and rich with emotion, Raise the Red Lantern offers an engrossing period drama anchored by an outstanding performance from Gong Li.","Teenage Songlian (Gong Li), whose family has been devastated by the recent death of her father, becomes the third concubine... [More]",MARCH,Orion Classics,Live action
36,104,House Party,1990,93,Robin Harris,Christopher Reid,Christopher Martin,Martin Lawrence,Reginald Hudlin,"House Party is a light, entertaining teen comedy with an infectious energy.","Play's parents are out of town, and he's planning the house party to end all house parties. His best friend,... [More]",MARCH,New Line Cinema,Live action
37,103,Rumble in the Bronx,1995,80,Jackie Chan,Anita Mui,Bill Tung,Françoise Yip,Stanley Tong,An entertaining Jackie Chan stunt-fest in which the impressive action sequences overcome the low production value and by-the-numbers plot.,"Hong Kong policeman Keung (Jackie Chan) arrives in New York for the wedding of his uncle Bill (Bill Tung), a... [More]",,,
38,102,Army of Darkness,1992,74,Bruce Campbell,Embeth Davidtz,Marcus Gilbert,Ian Abercrombie,Sam Raimi,"Army of Darkness is a madcap adventure worth taking thanks to Bruce Campbell's hammy charm and Sam Raimi's acrobatic direction, although an intentional lack of shocks make this a discordant capper to the Evil Dead franchise.","3rd Evil Dead movie. Ash (Bruce Campbell) finds himself trapped in medieval times. He must quest for the Necronomicon, a... [More]",FEBRUARY,Universal Pictures,Live action
39,101,The Fifth Element,1997,71,Bruce Willis,Gary Oldman,Ian Holm,Milla Jovovich,Luc Besson,"Visually inventive and gleefully over the top, Luc Besson's The Fifth Element is a fantastic piece of pop sci-fi that never takes itself too seriously.","In the 23rd century, a New York City cabbie, Korben Dallas (Bruce Willis), finds the fate of the world in... [More]",MAY,Columbia Pictures,Live action
40,100,Sleepless in Seattle,1993,75,Tom Hanks,Meg Ryan,Bill Pullman,Ross Mallinger,Nora Ephron,Sleepless in Seattle is a cute classic with a very light touch and real chemistry between the two leads -- even when spending an entire movie apart.,"After the death of his wife, Sam Baldwin (Tom Hanks) moves to Seattle with his son, Jonah (Ross Mallinger). When... [More]",JUNE,TriStar Pictures,Live action
41,99,Four Weddings and a Funeral,1994,96,Hugh Grant,Andie MacDowell,Kristin Scott Thomas,Simon Callow,Mike Newell,"While frothy to a fault, Four Weddings and a Funeral features irresistibly breezy humor, and winsome performances from Hugh Grant and Andie MacDowell.",Lovable Englishman Charles (Hugh Grant) and his group of friends seem to be unlucky in love. When Charles meets a... [More],MARCH,Gramercy Pictures / PolyGram Filmed Entertainment,Live action
42,98,All About My Mother,1999,98,Cecilia Roth,Eloy Azorín,Marisa Paredes,Penélope Cruz,Pedro Almodóvar,"Almodovar weaves together a magnificent tapestry of femininity with an affectionate wink to classics of theater and cinema in this poignant story of love, loss and compassion.",A Greek saying states that only women who have washed their eyes with tears can see clearly. This saying does... [More],APRIL,Sony Pictures Classics,Live action
43,97,Men in Black,1997,91,Tommy Lee Jones,Will Smith,Linda Fiorentino,Vincent D'Onofrio,Barry Sonnenfeld,"Thanks to a smart script, spectacular set pieces, and charismatic performances from its leads, Men in Black is an entirely satisfying summer blockbuster hit.","They are the best-kept secret in the universe. Working for a highly funded yet unofficial government agency, Kay (Tommy Lee... [More]",JULY,Columbia Pictures / Amblin Entertainment,Live action
44,96,As Good as It Gets,1997,85,Jack Nicholson,Helen Hunt,Greg Kinnear,Cuba Gooding Jr.,James L. Brooks,"James L. Brooks and Jack Nicholson, doing what they do best, combine smart dialogue and flawless acting to squeeze fresh entertainment value out of the romantic-comedy genre.","Melvin Udall (Jack Nicholson) is an obsessive-compulsive writer of romantic fiction who's rude to everyone he meets, including his gay... [More]",DECEMBER,TriStar Pictures,Live action
45,95,Austin Powers: International Man of Mystery,1997,73,Mike Myers,Elizabeth Hurley,Michael York,Mimi Rogers,Jay Roach,"A light and goofy comedy which provides laughs, largely due to performances and screenwriting by Myers.","A world-class playboy and part-time special agent, Powers is defrosted after 30 years in a cryogenic freeze to match wits... [More]",MAY,New Line Cinema / Moving Pictures,Live action
46,94,Demolition Man,1993,62,Sylvester Stallone,Wesley Snipes,Sandra Bullock,Nigel Hawthorne,Marco Brambilla,"A better-than-average sci-fi shoot-em-up with a satirical undercurrent, Demolition Man is bolstered by strong performances by Sylvester Stallone, Wesley Snipes, and Sandra Bullock.","With innocent victims caught in the crossfire in Los Angeles' intensifying war on crime, both cop John Spartan (Sylvester Stallone)... [More]",OCTOBER,Warner Bros. Pictures / Silver Pictures,Live action
47,93,The Thin Red Line,1998,80,Sean Penn,Adrien Brody,Jim Caviezel,Ben Chaplin,Terrence Malick,The Thin Red Line is a daringly philosophical World War II film with an enormous cast of eager stars.,"In 1942, Private Witt (Jim Caviezel) is a U.S. Army absconder living peacefully with the locals of a small South... [More]",DECEMBER,20th Century Fox / Fox 2000 Pictures / Phoenix Pictures,Live action
48,92,The Crow,1994,84,Brandon Lee,Ernie Hudson,Michael Wincott,David Patrick Kelly,Alex Proyas,"Filled with style and dark, lurid energy, The Crow is an action-packed visual feast that also has a soul in the performance of the late Brandon Lee.","The night before his wedding, musician Eric Draven (Brandon Lee) and his fiancée are brutally murdered by members of a... [More]",MAY,Miramax Films,Live action
49,91,Run Lola Run,1998,93,Franka Potente,Moritz Bleibtreu,Herbert Knaup,Armin Rohde,Tom Tykwer,"More fun than a barrel of Jean-Paul Sartre, pic's energy riffs on an engaging love story and really human performances while offering a series of what-ifs and a blood-stirring soundtrack.","In this visually and conceptually impressive film, two-bit Berlin criminal Manni (Moritz Bleibtreu) delivers some smuggled loot for his boss,... [More]",JUNE,Sony Pictures Classics,Live action
50,90,American History X,1998,83,Edward Norton,Edward Furlong,Fairuza Balk,Beverly D'Angelo,Tony Kaye,"American History X doesn't contend with its subject matter as fully as it could, but Edward Norton's performance gives this hard-hitting drama crucial weight.","Living a life marked by violence and racism, neo-Nazi Derek Vinyard (Edward Norton) finally goes to prison after killing two... [More]",OCTOBER,New Line Cinema,Live action
51,89,Three Kings,1999,94,George Clooney,Mark Wahlberg,Ice Cube,Spike Jonze,David O. Russell,"Three Kings successfully blends elements of action, drama, and comedy into a thoughtful, exciting movie on the Gulf War.","Just after the end of the Gulf War, four American soldiers decide to steal a cache of Saddam Hussein's hidden... [More]",OCTOBER,Warner Bros. Pictures / Village Roadshow Pictures,Live action
52,88,From Dusk Till Dawn,1996,63,Harvey Keitel,George Clooney,Quentin Tarantino,Juliette Lewis,Robert Rodriguez,"A pulpy crime drama/vampire film hybrid, From Dusk Till Dawn is an uneven but often deliriously enjoyable B-movie.","On the run from a bank robbery that left several police officers dead, Seth Gecko (George Clooney) and his paranoid,... [More]",,,
53,87,The Nightmare Before Christmas,1993,95,Danny Elfman,Chris Sarandon,Catherine O'Hara,William Hickey,Henry Selick,The Nightmare Before Christmas is a stunningly original and visually delightful work of stop-motion animation.,"The film follows the misadventures of Jack Skellington, Halloweentown's beloved pumpkin king, who has become bored with the same annual... [More]",OCTOBER,Walt Disney Pictures / Touchstone Pictures,Animation
54,86,Pi,1998,88,Sean Gullette,Mark Margolis,Ben Shenkman,Pamela Hart,Darren Aronofsky,"Dramatically gripping and frighteningly smart, this Lynchian thriller does wonders with its unlikely subject and shoestring budget.",Numbers whiz Max Cohen (Sean Gullette) is stunted by psychological delusions of paranoia and debilitating headaches. He lives in a... [More],JULY,Artisan Entertainment / Protozoa Pictures,Live action
55,85,"Lock, Stock and Two Smoking Barrels",1998,75,Jason Flemyng,Dexter Fletcher,Nick Moran,Jason Statham,Guy Ritchie,"Lock, Stock, and Two Smoking Barrels is a grimy, twisted, and funny twist on the Tarantino hip gangster formula.",Eddy (Nick Moran) convinces three friends to pool funds for a high-stakes poker game against local crime boss Hatchet Harry... [More],MARCH,Summit Entertainment,Live action
56,84,Wayne's World,1992,79,Mike Myers,Dana Carvey,Rob Lowe,Tia Carrere,Penelope Spheeris,"An oddball comedy that revels in its silliness and memorable catch phrases, Wayne's World is also fondly regarded because of its endearing characters.","A big screen spin-off of the ""Saturday Night Live"" skit. Rob Lowe plays a producer that wants to take the... [More]",FEBRUARY,Paramount Pictures,Live action
57,83,Welcome to the Dollhouse,1995,92,Heather Matarazzo,Daria Kalinina,Matthew Faber,Angela Pietropinto,Todd Solondz,"An outstanding sophomore feature, Welcome to the Dollhouse sees writer-director Todd Solondz mining suburban teen angst for black, biting comedy.",Middle-school student Dawn Weiner (Heather Matarazzo) faces degradation at school -- where she is teased constantly -- and at home.... [More],MAY,Sony Pictures Classics,Live action
58,82,Dazed and Confused,1993,92,Jason London,Wiley Wiggins,Sasha Jenson,Rory Cochrane,Richard Linklater,"Featuring an excellent ensemble cast, a precise feel for the 1970s, and a killer soundtrack, Dazed and Confused is a funny, affectionate, and clear-eyed look at high school life.","This coming-of-age film follows the mayhem of group of rowdy teenagers in Austin, Texas, celebrating the last day of high... [More]",SEPTEMBER,Gramercy Pictures,Live action
59,81,The Piano,1993,90,Holly Hunter,Harvey Keitel,Sam Neill,Anna Paquin,Jane Campion,"Powered by Holly Hunter's main performance, The Piano is a truth-seeking romance played in the key of erotic passion.","After a long voyage from Scotland, pianist Ada McGrath (Holly Hunter) and her young daughter, Flora (Anna Paquin), are left... [More]",NOVEMBER,Miramax Films,Live action
60,80,Three Colors: Red,1994,100,Irène Jacob,Jean-Louis Trintignant,Frédérique Feder,Jean-Pierre Lorit,Krzysztof Kieslowski,"A complex, stirring, and beautifully realized portrait of interconnected lives, Red is the captivating conclusion to a remarkable trilogy.",Part-time model Valentine (Irène Jacob) meets a retired judge (Jean-Louis Trintignant) who lives in her neighborhood after she runs over... [More],,,
61,79,There's Something About Mary,1998,83,Cameron Diaz,Matt Dillon,Ben Stiller,Lee Evans,Bobby Farrelly,"There's Something About Mary proves that unrelentingly, unabashedly peurile humor doesn't necessarily come at the expense of a film's heart.",Ted's (Ben Stiller) dream prom date with Mary (Cameron Diaz) never happens due to an embarrassing injury at her home.... [More],JULY,20th Century Fox,Live action
62,78,Shakespeare in Love,1998,92,Joseph Fiennes,Gwyneth Paltrow,Geoffrey Rush,Judi Dench,John Madden,"Endlessly witty, visually rapturous, and sweetly romantic, Shakespeare in Love is a delightful romantic comedy that succeeds on nearly every level.","""Shakespeare in Love"" is a romantic comedy for the 1990s set in the 1590s. It imaginatively unfolds the witty, sexy... [More]",DECEMBER,Miramax Films / Universal Pictures,Live action
63,77,Braveheart,1995,75,Mel Gibson,Sophie Marceau,Patrick McGoohan,Catherine McCormack,Mel Gibson,"Distractingly violent and historically dodgy, Mel Gibson's Braveheart justifies its epic length by delivering enough sweeping action, drama, and romance to match its ambition.",Tells the story of the legendary thirteenth century Scottish hero named William Wallace (Mel Gibson). Wallace rallies the Scottish against... [More],MAY,Paramount Pictures / 20th Century Fox / Icon Productions / The Ladd Company,Live action
64,76,The Sandlot,1993,64,Thomas Guiry,Mike Vitar,Patrick Renna,Chauncey Leopardi,David Mickey Evans,"It may be shamelessly derivative and overly nostalgic, but The Sandlot is nevertheless a genuinely sweet and funny coming-of-age adventure.","When Scottie Smalls (Thomas Guiry) moves to a new neighborhood, he manages to make friends with a group of kids... [More]",APRIL,20th Century Fox,Live action
65,75,Out of Sight,1998,94,George Clooney,Jennifer Lopez,Ving Rhames,Don Cheadle,Steven Soderbergh,"Steven Soderbergh's intelligently crafted adaptation of the Elmore Leonard novel is witty, sexy, suprisingly entertaining, and a star-making turn for George Clooney.","Meet Jack Foley (George Clooney), the most successful bank robber in the country. On the day he busts out of... [More]",JUNE,Universal Pictures / Jersey Films,Live action
66,74,Aladdin,1992,95,Scott Weinger,Robin Williams,Linda Larkin,Jonathan Freeman,Ron Clements,"A highly entertaining entry in Disney's renaissance era,"" Aladdin is beautifully drawn, with near-classic songs and a cast of scene-stealing characters.","When street rat Aladdin frees a genie from a lamp, he finds his wishes granted. However, he soon finds that... [More]",NOVEMBER,Walt Disney Pictures,Animation
67,73,Tombstone,1993,72,Kurt Russell,Val Kilmer,Michael Biehn,Powers Boothe,George P. Cosmatos,"If you're seeking a stylish modern western with a solid story and a well-chosen ensemble cast, Tombstone is your huckleberry.","Wyatt Earp (Kurt Russell) and his brothers, Morgan (Bill Paxton) and Virgil (Sam Elliott), have left their gunslinger ways behind... [More]",DECEMBER,Hollywood Pictures / Cinergi Pictures,Live action
68,72,Casino,1995,79,Robert De Niro,Sharon Stone,Joe Pesci,James Woods,Martin Scorsese,Impressive ambition and bravura performances from an outstanding cast help Casino pay off in spite of a familiar narrative that may strike some viewers as a safe bet for director Martin Scorsese.,"In early-1970s Las Vegas, low-level mobster Sam ""Ace"" Rothstein (Robert De Niro) gets tapped by his bosses to head the... [More]",NOVEMBER,Universal Pictures,Live action
69,71,Speed,1994,94,Keanu Reeves,Dennis Hopper,Sandra Bullock,Joe Morton,Jan de Bont,"A terrific popcorn thriller, Speed is taut, tense, and energetic, with outstanding performances from Keanu Reeves, Dennis Hopper, and Sandra Bullock.",Los Angeles police officer Jack (Keanu Reeves) angers retired bomb squad member Howard Payne (Dennis Hopper) by foiling his attempt... [More],JUNE,20th Century Fox,Live action
70,70,Home Alone,1990,66,Macaulay Culkin,Joe Pesci,Daniel Stern,Catherine O'Hara,Chris Columbus,Home Alone uneven but frequently funny premise stretched unreasonably thin is buoyed by Macaulay Culkin's cute performance and strong supporting stars.,"When bratty 8-year-old Kevin McCallister (Macaulay Culkin) acts out the night before a family trip to Paris, his mother (Catherine... [More]",NOVEMBER,20th Century Fox / Hughes Entertainment,Live action
71,69,Falling Down,1993,75,Michael Douglas,Robert Duvall,Barbara Hershey,Rachel Ticotin,Joel Schumacher,Falling Down's popcorn-friendly take on its complex themes proves disquieting -- and ultimately fitting for a bleakly entertaining picture of one man's angry break with reality.,"A middle-aged man dealing with both unemployment and divorce, William Foster (Michael Douglas) is having a bad day. When his... [More]",FEBRUARY,Warner Bros. Pictures,Live action
72,68,Reality Bites,1994,63,Winona Ryder,Ethan Hawke,Ben Stiller,Janeane Garofalo,Ben Stiller,"Reality Bites may be too slick to fulfill its promise as a profound statement on Generation X, but an appealing ensemble and romantic sizzle make for an entertaining dive into the ennui of youth.","After college, Lelaina (Winona Ryder) films a documentary about herself and friends as they flounder in their attempts to forge... [More]",FEBRUARY,Universal Pictures / Jersey Films,Live action
73,67,William Shakespeare's Romeo & Juliet,1996,73,Leonardo DiCaprio,Claire Danes,Brian Dennehy,John Alberto Leguizamo,Baz Luhrmann,Baz Luhrmann's visual aesthetic is as divisive as it is fresh and inventive.,"Baz Luhrmann helped adapt this classic Shakespearean romantic tragedy for the screen, updating the setting to a post-modern city named... [More]",,,
74,66,The Crying Game,1992,94,Stephen Rea,Miranda Richardson,Forest Whitaker,Jim Broadbent,Neil Jordan,"The Crying Game is famous for its shocking twist, but this thoughtful, haunting mystery grips the viewer from start to finish.","Irish Republican Army member Fergus (Stephen Rea) forms an unexpected bond with Jody (Forest Whitaker), a kidnapped British soldier in... [More]",NOVEMBER,Miramax Films,Live action
75,66,The Crying Game,1992,94,Stephen Rea,Miranda Richardson,Forest Whitaker,Jim Broadbent,Neil Jordan,"The Crying Game is famous for its shocking twist, but this thoughtful, haunting mystery grips the viewer from start to finish.","Irish Republican Army member Fergus (Stephen Rea) forms an unexpected bond with Jody (Forest Whitaker), a kidnapped British soldier in... [More]",FEBRUARY,Miramax Films,Live action
76,65,Ghost in the Shell,1995,95,Richard George,Mimi Woods,William Frederick,Abe Lasser,Mamoru Oshii,"A stunning feat of modern animation, Ghost in the Shell offers a thoughtful, complex treat for anime fans, as well as a perfect introduction for viewers new to the medium.","In this Japanese animation, cyborg federal agent Maj. Motoko Kusanagi (Mimi Woods) trails ""The Puppet Master"" (Abe Lasser), who illegally... [More]",,,
77,64,True Romance,1993,93,Christian Slater,Patricia Arquette,Dennis Hopper,Val Kilmer,Tony Scott,"Fueled by Quentin Tarantino's savvy screenplay and a gallery of oddball performances, Tony Scott's True Romance is a funny and violent action jaunt in the best sense.",A comic-book nerd and Elvis fanatic Clarence (Christian Slater) and a prostitute named Alabama (Patricia Arquette) fall in love. Clarence... [More],SEPTEMBER,Warner Bros. Pictures / Morgan Creek Productions,Live action
78,63,Independence Day,1996,67,Will Smith,Bill Pullman,Jeff Goldblum,Mary McDonnell,Roland Emmerich,"The plot is thin and so is character development, but as a thrilling, spectacle-filled summer movie, Independence Day delivers.","In the epic adventure film ""Independence Day,"" strange phenomena surface around the globe. The skies ignite. Terror races through the... [More]",JULY,20th Century Fox / Centropolis Entertainment,Live action
79,62,Point Break,1991,70,Patrick Swayze,Keanu Reeves,Gary Busey,Lori Petty,Kathryn Bigelow,"Absurd, over-the-top, and often wildly entertaining, Point Break is here to show you that the human spirit is still alive.","After a string of bizarre bank robberies in Southern California, with the crooks donning masks of various former presidents, a... [More]",JULY,20th Century Fox / Largo Entertainment,Live action
80,61,Mrs. Doubtfire,1993,70,Robin Williams,Sally Field,Pierce Brosnan,Harvey Fierstein,Chris Columbus,"On paper, Mrs. Doubtfire might seem excessively broad or sentimental, but Robin Williams shines so brightly in the title role that the end result is difficult to resist.","Troubled that he has little access to his children, divorced Daniel Hillard (Robin Williams) hatches an elaborate plan. With help... [More]",NOVEMBER,20th Century Fox,Live action
81,60,Election,1999,92,Matthew Broderick,Reese Witherspoon,Chris Klein,Jessica Campbell,Alexander Payne,Election successfully combines dark humor and intelligent writing in this very witty and enjoyable film.,"Jim McAllister (Matthew Broderick), a well-liked high school government teacher, can't help but notice that successful student Tracy Flick (Reese... [More]",APRIL,Paramount Pictures / MTV Productions,Live action
82,59,The Player,1992,98,Tim Robbins,Greta Scacchi,Fred Ward,Whoopi Goldberg,Robert Altman,"Bitingly cynical without succumbing to bitterness, The Player is one of the all-time great Hollywood satires -- and an ensemble-driven highlight of the Altman oeuvre.","Certain that the anonymous threats he's been receiving are the work of David Kahane (Vincent D'Onofrio), producer Griffin Mill (Tim... [More]",APRIL,Fine Line Features,Live action
83,58,Breaking the Waves,1996,85,Emily Watson,Stellan Skarsgard,Katrin Cartlidge,Jean-Marc Barr,Lars von Trier,Breaking the Waves offers a remarkable testament to writer-director Lars von Trier's insight and filmmaking skill -- and announces Emily Watson as a startling talent.,"In a small and religious coastal town, a simple, devoutly religious Scottish woman, Bess McNeill (Emily Watson), finds a partner... [More]",NOVEMBER,October Films,Live action
84,57,Forrest Gump,1994,71,Tom Hanks,Robin Wright,Gary Sinise,Mykelti Williamson,Robert Zemeckis,"Forrest Gump may be an overly sentimental film with a somewhat problematic message, but its sweetness and charm are usually enough to approximate true depth and grace.","Slow-witted Forrest Gump (Tom Hanks) has never thought of himself as disadvantaged, and thanks to his supportive mother (Sally Field),... [More]",JULY,Paramount Pictures,Live action
85,56,Face/Off,1997,92,John Travolta,Nicolas Cage,Joan Allen,Alessandro Nivola,John Woo,"John Travolta and Nicolas Cage play cat-and-mouse (and literally play each other) against a beautifully stylized backdrop of typically elegant, over-the-top John Woo violence.","Obsessed with bringing terrorist Castor Troy (Nicolas Cage) to justice, FBI agent Sean Archer (John Travolta) tracks down Troy, who... [More]",JUNE,Paramount Pictures / Touchstone Pictures,Live action
86,55,Swingers,1996,88,Jon Favreau,Vince Vaughn,Ron Livingston,Patrick Van Horn,Doug Liman,"Funny, heartfelt, and effortlessly cool, Swingers made stars out of Vince Vaughn and Jon Favreau, established Doug Liman as a director to watch.","A transplanted New Yorker attempting to acclimate to Los Angeles, Mike Peters (Jon Favreau), is struggling to both boost his... [More]",OCTOBER,Miramax Films,Live action
87,54,Galaxy Quest,1999,90,Tim Allen,Sigourney Weaver,Alan Rickman,Tony Shalhoub,Dean Parisot,Intelligent and humorous satire with an excellent cast -- no previous Trekkie knowledge needed to enjoy this one.,The stars of a 1970s sci-fi show - now scraping a living through re-runs and sci-fi conventions - are beamed... [More],DECEMBER,DreamWorks,Live action
88,53,Total Recall,1990,83,Arnold Schwarzenegger,Rachel Ticotin,Sharon Stone,Ronny Cox,Paul Verhoeven,"Under Paul Verhoeven's frenetic direction, Total Recall is a fast-paced rush of violence, gore, and humor that never slacks.",Douglas Quaid (Arnold Schwarzenegger) is a bored construction worker in the year 2084 who dreams of visiting the colonized Mars.... [More],JUNE,TriStar Pictures / Carolco Pictures,Live action
89,52,Dumb & Dumber,1994,68,Jim Carrey,Jeff Daniels,Lauren Holly,Teri Garr,Peter Farrelly,A relentlessly stupid comedy elevated by its main actors: Jim Carrey goes bonkers and Jeff Daniels carries himself admirably in an against-type performance.,Imbecilic best friends Lloyd Christmas (Jim Carrey) and Harry Dunne (Jeff Daniels) stumble across a suitcase full of money left... [More],,,
90,51,The Fugitive,1993,96,Harrison Ford,Tommy Lee Jones,Sela Ward,Julianne Moore,Andrew Davis,"Exhilarating and intense, this high-impact chase thriller is a model of taut and efficient formula filmmaking, and it features Harrison Ford at his frantic best.","Wrongfully accused of murdering his wife, Richard Kimble (Harrison Ford) escapes from the law in an attempt to find her... [More]",AUGUST,Warner Bros. Pictures,Live action
91,50,The Sixth Sense,1999,86,Bruce Willis,Haley Joel Osment,Toni Collette,Olivia Williams,M. Night Shyamalan,"M Night Shayamalan's The Sixth Sense is a twisty ghost story with all the style of a classical Hollywood picture, but all the chills of a modern horror flick.",Young Cole Sear (Haley Joel Osment) is haunted by a dark secret: he is visited by ghosts. Cole is frightened... [More],AUGUST,Hollywood Pictures / Spyglass Entertainment / The Kennedy/Marshall Company,Live action
92,49,Ed Wood,1994,93,Johnny Depp,Martin Landau,Sarah Jessica Parker,Patricia Arquette,Tim Burton,"Tim Burton and Johnny Depp team up to fete the life and work of cult hero Ed Wood, with typically strange and wonderful results.","Because of his eccentric habits and bafflingly strange films, director Ed Wood (Johnny Depp) is a Hollywood outcast. Nevertheless, with... [More]",SEPTEMBER,Touchstone Pictures,Live action
93,48,Trainspotting,1996,90,Ewan McGregor,Ewen Bremner,Jonny Lee Miller,Kevin McKidd,Danny Boyle,"A brutal, often times funny, other times terrifying portrayal of drug addiction in Edinburgh. Not for the faint of heart, but well worth viewing as a realistic and entertaining reminder of the horrors of drug use.",Heroin addict Mark Renton (Ewan McGregor) stumbles through bad ideas and sobriety attempts with his unreliable friends -- Sick Boy... [More],JULY,Miramax Films / PolyGram Filmed Entertainment,Live action
94,47,Magnolia,1999,83,Jason Robards,Julianne Moore,Tom Cruise,Philip Seymour Hoffman,Paul Thomas Anderson,"Magnolia is an ambitious, lengthy work that ultimately succeeds due to interesting stories and excellent ensemble performances.","On one random day in the San Fernando Valley, a dying father, a young wife, a male caretaker, a famous... [More]",DECEMBER,New Line Cinema,Live action
95,46,The Usual Suspects,1995,89,Stephen Baldwin,Gabriel Byrne,Chazz Palminteri,Kevin Pollak,Bryan Singer,"Expertly shot and edited, The Usual Suspects gives the audience a simple plot and then piles on layers of deceit, twists, and violence before pulling out the rug from underneath.","""The greatest trick the devil ever pulled was convincing the world he didn't exist,"" says con man Kint (Kevin Spacey),... [More]",SEPTEMBER,Gramercy Pictures,Live action
96,45,Reservoir Dogs,1992,90,Harvey Keitel,Tim Roth,Michael Madsen,Chris Penn,Quentin Tarantino,"Thrumming with intelligence and energy, Reservoir Dogs opens Quentin Tarantino's filmmaking career with hard-hitting style.",A group of thieves assemble to pull of the perfect diamond heist. It turns into a bloody ambush when one... [More],OCTOBER,Miramax Films,Live action
97,44,The Truman Show,1998,95,Jim Carrey,Laura Linney,Noah Emmerich,Natascha McElhone,Peter Weir,"A funny, tender, and thought-provoking film, The Truman Show is all the more noteworthy for its remarkably prescient vision of runaway celebrity culture and a nation with an insatiable thirst for the private details of ordinary lives.","He doesn't know it, but everything in Truman Burbank's (Jim Carrey) life is part of a massive TV set. Executive... [More]",JUNE,Paramount Pictures,Live action
98,43,Edward Scissorhands,1990,89,Johnny Depp,Winona Ryder,Dianne Wiest,Anthony Michael Hall,Tim Burton,"The first collaboration between Johnny Depp and Tim Burton, Edward Scissorhands is a magical modern fairy tale with gothic overtones and a sweet center.",A scientist (Vincent Price) builds an animated human being -- the gentle Edward (Johnny Depp). The scientist dies before he... [More],DECEMBER,20th Century Fox,Live action
99,42,Beauty and the Beast,1991,94,Paige O'Hara,Robby Benson,Richard White,Jerry Orbach,Gary Trousdale,"Enchanting, sweepingly romantic, and featuring plenty of wonderful musical numbers, Beauty and the Beast is one of Disney's most elegant animated offerings.","An arrogant young prince (Robby Benson) and his castle's servants fall under the spell of a wicked enchantress, who turns... [More]",NOVEMBER,Walt Disney Pictures,Animation
100,41,Seven,1995,82,Brad Pitt,Morgan Freeman,Gwyneth Paltrow,R. Lee Ermey,David Fincher,"A brutal, relentlessly grimy shocker with taut performances, slick gore effects, and a haunting finale.",When retiring police Detective William Somerset (Morgan Freeman) tackles a final case with the aid of newly transferred David Mills... [More],SEPTEMBER,New Line Cinema,Live action
101,40,Being John Malkovich,1999,94,John Cusack,Cameron Diaz,Catherine Keener,Orson Bean,Spike Jonze,"Smart, funny, and highly original, Being John Malkovich supports its wild premise with skillful direction and a stellar ensemble cast.","In this quirky cult-favorite comedy, unemployed New York City puppeteer Craig Schwartz (John Cusack) reluctantly takes a temp job as... [More]",OCTOBER,USA Films,Live action
102,39,Boogie Nights,1997,93,Mark Wahlberg,Burt Reynolds,Julianne Moore,John C. Reilly,Paul Thomas Anderson,"Grounded in strong characters, bold themes, and subtle storytelling, Boogie Nights is a groundbreaking film both for director P.T. Anderson and star Mark Wahlberg.","In the San Fernando Valley in 1977, teenage busboy Eddie Adams (Mark Wahlberg) gets discovered by porn director Jack Horner... [More]",OCTOBER,New Line Cinema,Live action
103,38,The Professional,1994,74,Jean Reno,Gary Oldman,Natalie Portman,Danny Aiello,Luc Besson,Pivoting on the unusual relationship between seasoned hitman and his 12-year-old apprentice -- a breakout turn by young Natalie Portman -- Luc Besson's Léon is a stylish and oddly affecting thriller.,"Mathilda (Natalie Portman) is only 12 years old, but is already familiar with the dark side of life: her abusive... [More]",,,
104,37,Chungking Express,1994,88,Brigitte Lin,Takeshi Kaneshiro,Tony Leung Chiu Wai,Faye Wong,Kar Wai Wong,"Even if all it had to offer were writer-director Wong Kar-wai's thrillingly distinctive visuals, Chungking Express would be well worth watching; happily, its thoughtfully drawn characters and naturalistic performances also pack a potent dramatic wallop.","Every day, Cop 223 (Takeshi Kaneshiro) buys a can of pineapple with an expiration date of May 1, symbolizing the... [More]",,,
105,36,Heat,1995,88,Al Pacino,Robert De Niro,Val Kilmer,Jon Voight,Michael Mann,"Though Al Pacino and Robert De Niro share but a handful of screen minutes together, Heat is an engrossing crime drama that draws compelling performances from its stars -- and confirms Michael Mann's mastery of the genre.","Master criminal Neil McCauley (Robert De Niro) is trying to control the rogue actions of one of his men, while... [More]",DECEMBER,Warner Bros. Pictures / Regency Enterprises,Live action
106,35,Pretty Woman,1990,66,Richard Gere,Julia Roberts,Ralph Bellamy,Jason Alexander,Garry Marshall,"Pretty Woman may be a yuppie fantasy, but the film's slick comedy, soundtrack, and casting can overcome misgivings.","In this modern update on Cinderella, a prostitute and a wealthy businessman fall hard for one another, forming an unlikely... [More]",MARCH,Touchstone Pictures,Live action
107,34,Office Space,1999,80,Ron Livingston,Jennifer Aniston,David Herman,Ajay Naidu,Mike Judge,Mike Judge lampoons the office grind with its inspired mix of sharp dialogue and witty one-liners.,"Corporate drone Peter Gibbons (Ron Livingston) hates his soul-killing job at software company Initech. While undergoing hypnotherapy, Peter is left... [More]",FEBRUARY,20th Century Fox,Live action
108,33,Clerks,1994,90,Brian O'Halloran,Jeff Anderson,Marilyn Ghigliotti,Lisa Spoonhauer,Kevin Smith,"With its quirky characters and clever, quotable dialogue, Clerks is the ultimate clarion call for slackers everywhere to unite and, uh, do something we guess?",Dante (Brian O'Halloran) is called in to cover a shift at his New Jersey convenience store on his day off.... [More],OCTOBER,Miramax Films / View Askew Productions,Live action
109,32,The Silence of the Lambs,1991,95,Jodie Foster,Anthony Hopkins,Scott Glenn,Ted Levine,Jonathan Demme,"Director Jonathan Demme's smart, taut thriller teeters on the edge between psychological study and all-out horror, and benefits greatly from stellar performances by Anthony Hopkins and Jodie Foster.","Jodie Foster stars as Clarice Starling, a top student at the FBI's training academy. Jack Crawford (Scott Glenn) wants Clarice... [More]",FEBRUARY,Orion Pictures,Live action
110,31,Good Will Hunting,1997,96,Matt Damon,Robin Williams,Ben Affleck,Minnie Driver,Gus Van Sant,"It follows a predictable narrative arc, but Good Will Hunting adds enough quirks to the journey -- and is loaded with enough powerful performances -- that it remains an entertaining, emotionally rich drama.",Will Hunting (Matt Damon) has a genius-level IQ but chooses to work as a janitor at MIT. When he solves... [More],DECEMBER,Miramax Films,Live action
111,30,Toy Story,1995,100,Tom Hanks,Tim Allen,Don Rickles,Jim Varney,John Lasseter,"Entertaining as it is innovative, Toy Story reinvigorated animation while heralding the arrival of Pixar as a family-friendly force to be reckoned with.","Woody (Tom Hanks), a good-hearted cowboy doll who belongs to a young boy named Andy (John Morris), sees his position... [More]",NOVEMBER,Walt Disney Pictures / Pixar Animation Studios,Animation
112,29,Princess Mononoke,1997,93,Claire Danes,Billy Bob Thornton,Gillian Anderson,Billy Crudup,Hayao Miyazaki,"With its epic story and breathtaking visuals, Princess Mononoke is a landmark in the world of animation.",A prince becomes involved in the struggle between a forest princess and the encroachment of mechanization.... [More],OCTOBER,Walt Disney Pictures / Studio Ghibli,Animation
113,28,Groundhog Day,1993,97,Bill Murray,Andie MacDowell,Chris Elliott,Stephen Tobolowsky,Harold Ramis,"Smart, sweet, and inventive, Groundhog Day highlights Murray's dramatic gifts while still leaving plenty of room for laughs.","Phil (Bill Murray), a weatherman, is out to cover the annual emergence of the groundhog from its hole. He gets... [More]",FEBRUARY,Columbia Pictures,Live action
114,27,Fargo,1996,94,Frances McDormand,Steve Buscemi,William H. Macy,Peter Stormare,Joel Coen,"Violent, quirky, and darkly funny, Fargo delivers an original crime story and a wonderful performance by McDormand.","""Fargo"" is a reality-based crime drama set in Minnesota in 1987. Jerry Lundegaard (William H. Macy) is a car salesman... [More]",MARCH,Gramercy Pictures,Live action
115,26,Gattaca,1997,81,Ethan Hawke,Uma Thurman,Jude Law,Gore Vidal,Andrew Niccol,"Intelligent and scientifically provocative, Gattaca is an absorbing sci fi drama that poses important interesting ethical questions about the nature of science.","Vincent Freeman (Ethan Hawke) has always fantasized about traveling into outer space, but is grounded by his status as a... [More]",OCTOBER,Columbia Pictures / Jersey Films,Live action
116,25,The English Patient,1996,86,Ralph Fiennes,Juliette Binoche,Willem Dafoe,Kristin Scott Thomas,Anthony Minghella,"Though it suffers from excessive length and ambition, director Minghella's adaptation of the Michael Ondaatje novel is complex, powerful, and moving.",The sweeping expanses of the Sahara are the setting for a passionate love affair in this adaptation of Michael Ondaatje's... [More],NOVEMBER,Miramax Films,Live action
117,24,Boyz N the Hood,1991,96,Larry Fishburne,Ice Cube,Cuba Gooding Jr.,Nia Long,John Singleton,"Well-acted and thematically rich, Boyz N the Hood observes Black America with far more depth and compassion than many of the like-minded films its success inspired.","Tre (Cuba Gooding Jr.) is sent to live with his father, Furious Styles (Larry Fishburne), in tough South Central Los... [More]",,,
118,23,Unforgiven,1992,96,Clint Eastwood,Gene Hackman,Morgan Freeman,Richard Harris,Clint Eastwood,"As both director and star, Clint Eastwood strips away decades of Hollywood varnish applied to the Wild West, and emerges with a series of harshly eloquent statements about the nature of violence.","When prostitute Delilah Fitzgerald (Anna Thomson) is disfigured by a pair of cowboys in Big Whiskey, Wyoming, her fellow brothel... [More]",AUGUST,Warner Bros. Pictures,Live action
119,22,Rushmore,1998,90,Jason Schwartzman,Bill Murray,Olivia Williams,Seymour Cassel,Wes Anderson,"This cult favorite is a quirky coming of age story, with fine, off-kilter performances from Jason Schwartzman and Bill Murray.","When a beautiful first-grade teacher (Olivia Williams) arrives at a prep school, she soon attracts the attention of an ambitious... [More]",OCTOBER,Touchstone Pictures,Live action
120,21,Hoop Dreams,1994,98,Steve James,William Gates,Arthur Agee,Sheila Agee,Steve James,"One of the most critically acclaimed documentaries of all time, Hoop Dreams is a rich, complex, heartbreaking, and ultimately deeply rewarding film that uses high school hoops as a jumping-off point to explore issues of race, class, and education in modern America.","Every school day, African-American teenagers William Gates and Arthur Agee travel 90 minutes each way from inner-city Chicago to St.... [More]",OCTOBER,Fine Line Features,Live action
121,20,The Iron Giant,1999,96,Jennifer Aniston,Eli Marienthal,Harry Connick Jr.,Vin Diesel,Brad Bird,The endearing Iron Giant tackles ambitious topics and complex human relationships with a steady hand and beautifully animated direction from Brad Bird.,"In this animated adaptation of Ted Hughes' Cold War fable, a giant alien robot (Vin Diesel) crash-lands near the small... [More]",AUGUST,Warner Bros. Pictures,Animation
122,19,Scream,1996,80,Neve Campbell,David Arquette,Courteney Cox,Matthew Lillard,Wes Craven,"Horror icon Wes Craven's subversive deconstruction of the genre is sly, witty, and surprisingly effective as a slasher film itself, even if it's a little too cheeky for some.",The sleepy little town of Woodsboro just woke up screaming. There's a killer in their midst who's seen a few... [More],DECEMBER,Dimension Films,Live action
123,18,Saving Private Ryan,1998,94,Tom Hanks,Edward Burns,Tom Sizemore,Jeremy Davies,Steven Spielberg,"Anchored by another winning performance from Tom Hanks, Steven Spielberg's unflinchingly realistic war film virtually redefines the genre.","Captain John Miller (Tom Hanks) takes his men behind enemy lines to find Private James Ryan, whose three brothers have... [More]",JULY,DreamWorks / Paramount Pictures / Amblin Entertainment / Mutual Film Company,Live action
124,17,L.A. Confidential,1997,99,Kevin Spacey,Russell Crowe,Guy Pearce,James Cromwell,Curtis Hanson,"Taut pacing, brilliantly dense writing and Oscar-worthy acting combine to produce a smart, popcorn-friendly thrill ride.","Three policemen, each with his own motives and obsessions, tackle the corruption surrounding an unsolved murder at a downtown Los... [More]",SEPTEMBER,Warner Bros. Pictures / Regency Enterprises,Live action
125,16,Goodfellas,1990,96,Robert De Niro,Ray Liotta,Joe Pesci,Lorraine Bracco,Martin Scorsese,"Hard-hitting and stylish, GoodFellas is a gangster classic -- and arguably the high point of Martin Scorsese's career.",A young man grows up in the mob and works very hard to advance himself through the ranks. He enjoys... [More],SEPTEMBER,Warner Bros. Pictures,Live action
126,15,Terminator 2: Judgment Day,1991,93,Arnold Schwarzenegger,Linda Hamilton,Edward Furlong,Robert Patrick,James Cameron,"T2 features thrilling action sequences and eye-popping visual effects, but what takes this sci-fi/ action landmark to the next level is the depth of the human (and cyborg) characters.","In this sequel set eleven years after ""The Terminator,"" young John Connor (Edward Furlong), the key to civilization's victory over... [More]",JULY,TriStar Pictures / Carolco Pictures,Live action
127,14,Clueless,1995,81,Alicia Silverstone,Stacey Dash,Brittany Murphy,Paul Rudd,Amy Heckerling,"A funny and clever reshaping of Emma, Clueless offers a soft satire that pokes as much fun at teen films as it does at the Beverly Hills glitterati.","Shallow, rich and socially successful Cher (Alicia Silverstone) is at the top of her Beverly Hills high school's pecking scale.... [More]",JULY,Paramount Pictures,Live action
128,13,Friday,1995,76,Ice Cube,Chris Tucker,Nia Long,Tiny Lister Jr.,F. Gary Gray,"What Friday might lack in taut construction or directorial flair, it more than makes up with its vibrant (albeit consistently crass) humor and the charming, energetic performances of its leads.","It's Friday and Craig Jones (Ice Cube) has just gotten fired for stealing cardboard boxes. To make matters worse, rent... [More]",APRIL,New Line Cinema,Live action
129,12,Fight Club,1999,79,Brad Pitt,Edward Norton,Helena Bonham Carter,Meat Loaf,David Fincher,"Solid acting, amazing direction, and elaborate production design make Fight Club a wild ride.",A depressed man (Edward Norton) suffering from insomnia meets a strange soap salesman named Tyler Durden (Brad Pitt) and soon... [More],OCTOBER,20th Century Fox / Fox 2000 Pictures / Regency Enterprises,Live action
130,11,Schindler's List,1993,98,Liam Neeson,Ben Kingsley,Ralph Fiennes,Caroline Goodall,Steven Spielberg,Schindler's List blends the abject horror of the Holocaust with Steven Spielberg's signature tender humanism to create the director's dramatic masterpiece.,"Businessman Oskar Schindler (Liam Neeson) arrives in Krakow in 1939, ready to make his fortune from World War II, which... [More]",DECEMBER,Universal Pictures / Amblin Entertainment,Live action
131,10,The Matrix,1999,88,Keanu Reeves,Laurence Fishburne,Carrie-Anne Moss,Hugo Weaving,Andy Wachowski,"Thanks to the Wachowskis' imaginative vision, The Matrix is a smartly crafted combination of spectacular action and groundbreaking special effects.","Neo (Keanu Reeves) believes that Morpheus (Laurence Fishburne), an elusive figure considered to be the most dangerous man alive, can... [More]",MARCH,Warner Bros. Pictures / Village Roadshow Pictures / Silver Pictures,Live action
132,9,Thelma & Louise,1991,86,Susan Sarandon,Geena Davis,Harvey Keitel,Michael Madsen,Ridley Scott,"Simultaneously funny, heartbreaking, and peppered with action, Ridley Scott's Thelma & Louise is a potent, well-acted road movie that transcends the feminist message at its core.","Meek housewife Thelma (Geena Davis) joins her friend Louise (Susan Sarandon), an independent waitress, on a short fishing trip. However,... [More]",MAY,Metro-Goldwyn-Mayer,Live action
133,8,Toy Story 2,1999,100,Tom Hanks,Tim Allen,Joan Cusack,Kelsey Grammer,Ash Brannon,"The rare sequel that arguably improves on its predecessor, Toy Story 2 uses inventive storytelling, gorgeous animation, and a talented cast to deliver another rich moviegoing experience for all ages.","Woody (Tom Hanks) is stolen from his home by toy dealer Al McWhiggin (Wayne Knight), leaving Buzz Lightyear (Tim Allen)... [More]",NOVEMBER,Walt Disney Pictures / Pixar Animation Studios,Animation
134,7,Jurassic Park,1993,92,Sam Neill,Laura Dern,Jeff Goldblum,Richard Attenborough,Steven Spielberg,"Jurassic Park is a spectacle of special effects and life-like animatronics, with some of Spielberg's best sequences of sustained awe and sheer terror since Jaws.","In Steven Spielberg's massive blockbuster, paleontologists Alan Grant (Sam Neill) and Ellie Sattler (Laura Dern) and mathematician Ian Malcolm (Jeff... [More]",JUNE,Universal Pictures / Amblin Entertainment,Live action
135,6,Before Sunrise,1995,100,Ethan Hawke,Julie Delpy,Erni Mangold,Hanno Poeschl,Richard Linklater,"Thought-provoking and beautifully filmed, Before Sunrise is an intelligent, unabashedly romantic look at modern love, led by marvelously natural performances from Ethan Hawke and Julie Delpy.","On his way to Vienna, American Jesse (Ethan Hawke) meets Celine (Julie Delpy), a student returning to Paris. After long... [More]",JANUARY,Columbia Pictures / Castle Rock Entertainment,Live action
136,5,The Big Lebowski,1998,83,Jeff Bridges,John Goodman,Julianne Moore,Steve Buscemi,Joel Coen,"Typically stunning visuals and sharp dialogue from the Coen Brothers, brought to life with strong performances from Goodman and Bridges.","Jeff Bridges plays Jeff Lebowski who insists on being called ""the Dude,"" a laid-back, easygoing burnout who happens to have... [More]",MARCH,Gramercy Pictures / PolyGram Filmed Entertainment / Working Title Films,Live action
137,4,Titanic,1997,87,Leonardo DiCaprio,Kate Winslet,Billy Zane,Kathy Bates,James Cameron,"A mostly unqualified triumph for James Cameron, who offers a dizzying blend of spectacular visuals and old-fashioned melodrama.","James Cameron's ""Titanic"" is an epic, action-packed romance set against the ill-fated maiden voyage of the R.M.S. Titanic; the pride... [More]",DECEMBER,20th Century Fox / Paramount Pictures,Live action
138,3,The Lion King,1994,93,Matthew Broderick,Jeremy Irons,James Earl Jones,Madge Sinclair,Roger Allers,"Emotionally stirring, richly drawn, and beautifully animated, The Lion King is a pride within Disney's pantheon of classic family films.","This Disney animated feature follows the adventures of the young lion Simba (Jonathan Taylor Thomas), the heir of his father,... [More]",JUNE,Walt Disney Pictures,Animation
139,2,The Shawshank Redemption,1994,91,Tim Robbins,Morgan Freeman,Bob Gunton,William Sadler,Frank Darabont,"The Shawshank Redemption is an uplifting, deeply satisfying prison drama with sensitive direction and fine performances.",Andy Dufresne (Tim Robbins) is sentenced to two consecutive life terms in prison for the murders of his wife and... [More],SEPTEMBER,Columbia Pictures / Castle Rock Entertainment,Live action
140,1,Pulp Fiction,1994,92,John Travolta,Samuel L. Jackson,Uma Thurman,Harvey Keitel,Quentin Tarantino,"One of the most influential films of the 1990s, Pulp Fiction is a delirious post-modern mix of neo-noir thrills, pitch-black humor, and pop-culture touchstones.",Vincent Vega (John Travolta) and Jules Winnfield (Samuel L. Jackson) are hitmen with a penchant for philosophical discussions. In this... [More],OCTOBER,Miramax Films,Live action
